id,sku,picture no.,images,description,name,attribute 1 name,attribute 1 value(s),attribute 1 visible,attribute 1 global,attribute 2 name,attribute 2 value(s),attribute 2 visible,attribute 2 global,categories
1,ALBT4002,4002,,Casual,Men Casual Belt 4002,Color,LIGHT BROWN,1,1,Size,SMALL (30 INCHES OR 75 CMS) MEDIUM (34 INCHES OR 85 CMS) LARGE (38 INCHES OR 95 CMS) EXTRA LARGE (44 INCHES OR 110 CMS),1,1,Mens > Men Belts
2,ALBT4003,4003,,Casual,Men Casual Belt 4003,Color,DARK BROWN,1,1,Size,SMALL (30 INCHES OR 75 CMS) MEDIUM (34 INCHES OR 85 CMS) LARGE (38 INCHES OR 95 CMS) EXTRA LARGE (44 INCHES OR 110 CMS),1,1,Mens > Men Belts
3,ALBT4004,4004,,Casual,Men Casual Belt 4004,Color,LIGHT BROWN,1,1,Size,SMALL (30 INCHES OR 75 CMS) MEDIUM (34 INCHES OR 85 CMS) LARGE (38 INCHES OR 95 CMS) EXTRA LARGE (44 INCHES OR 110 CMS),1,1,Mens > Men Belts
4,ALBT4005,4005,,Casual,Men Casual Belt 4005,Color,TAN/BROWN,1,1,Size,SMALL (30 INCHES OR 75 CMS) MEDIUM (34 INCHES OR 85 CMS) LARGE (38 INCHES OR 95 CMS) EXTRA LARGE (44 INCHES OR 110 CMS),1,1,Mens > Men Belts
5,ALBT4006,4006,,Casual,Men Casual Belt 4006,Color,COGNAC ,1,1,Size,SMALL (30 INCHES OR 75 CMS) MEDIUM (34 INCHES OR 85 CMS) LARGE (38 INCHES OR 95 CMS) EXTRA LARGE (44 INCHES OR 110 CMS),1,1,Mens > Men Belts
6,ALBT4007,4007,,Casual,Men Casual Belt 4007,Color,TAN/BROWN,1,1,Size,SMALL (30 INCHES OR 75 CMS) MEDIUM (34 INCHES OR 85 CMS) LARGE (38 INCHES OR 95 CMS) EXTRA LARGE (44 INCHES OR 110 CMS),1,1,Mens > Men Belts
7,ALBT4008,4008,,Casual,Men Casual Belt 4008,Color,TAN,1,1,Size,SMALL (30 INCHES OR 75 CMS) MEDIUM (34 INCHES OR 85 CMS) LARGE (38 INCHES OR 95 CMS) EXTRA LARGE (44 INCHES OR 110 CMS),1,1,Mens > Men Belts
8,ALBT4009,4009,,Casual,Men Casual Belt 4009,Color,TAN/BROWN,1,1,Size,SMALL (30 INCHES OR 75 CMS) MEDIUM (34 INCHES OR 85 CMS) LARGE (38 INCHES OR 95 CMS) EXTRA LARGE (44 INCHES OR 110 CMS),1,1,Mens > Men Belts
9,ALBT4010,4010,,Casual,Men Casual Belt 4010,Color,BROWN,1,1,Size,SMALL (30 INCHES OR 75 CMS) MEDIUM (34 INCHES OR 85 CMS) LARGE (38 INCHES OR 95 CMS) EXTRA LARGE (44 INCHES OR 110 CMS),1,1,Mens > Men Belts
10,ALBT4011,4011,,Casual,Men Casual Belt 4011,Color,COGNAC ,1,1,Size,SMALL (30 INCHES OR 75 CMS) MEDIUM (34 INCHES OR 85 CMS) LARGE (38 INCHES OR 95 CMS) EXTRA LARGE (44 INCHES OR 110 CMS),1,1,Mens > Men Belts
,,4012,,,Men Casual Belt 4012,,,,,,,,,
11,ALBT4012,4013,,Casual,Men Casual Belt 4013,Color,BLACK,1,1,Size,SMALL (30 INCHES OR 75 CMS) MEDIUM (34 INCHES OR 85 CMS) LARGE (38 INCHES OR 95 CMS) EXTRA LARGE (44 INCHES OR 110 CMS),1,1,Belts > Mens
12,ALBT4013,4014,,Casual,Men Casual Belt 4014,Color,BLACK,1,1,Size,SMALL (30 INCHES OR 75 CMS) MEDIUM (34 INCHES OR 85 CMS) LARGE (38 INCHES OR 95 CMS) EXTRA LARGE (44 INCHES OR 110 CMS),1,1,Belts > Mens
13,ALBT4014,4015,,Casual,Men Casual Belt 4015,Color,BLACK,1,1,Size,SMALL (30 INCHES OR 75 CMS) MEDIUM (34 INCHES OR 85 CMS) LARGE (38 INCHES OR 95 CMS) EXTRA LARGE (44 INCHES OR 110 CMS),1,1,Belts > Mens
14,ALBT4015,4016,,Casual,Men Casual Belt 4016,Color,COGNAC ,1,1,Size,SMALL (30 INCHES OR 75 CMS) MEDIUM (34 INCHES OR 85 CMS) LARGE (38 INCHES OR 95 CMS) EXTRA LARGE (44 INCHES OR 110 CMS),1,1,Belts > Mens
15,ALBT4016,4017,,Casual,Men Casual Belt 4017,Color,DARK GREEN,1,1,Size,SMALL (30 INCHES OR 75 CMS) MEDIUM (34 INCHES OR 85 CMS) LARGE (38 INCHES OR 95 CMS) EXTRA LARGE (44 INCHES OR 110 CMS),1,1,Belts > Mens
16,ALBT4017,4018,,Casual,Men Casual Belt 4018,Color,TAN,1,1,Size,SMALL (30 INCHES OR 75 CMS) MEDIUM (34 INCHES OR 85 CMS) LARGE (38 INCHES OR 95 CMS) EXTRA LARGE (44 INCHES OR 110 CMS),1,1,Belts > Mens
17,ALBT4018,4019,,Casual,Men Casual Belt 4019,Color,BROWN,1,1,Size,SMALL (30 INCHES OR 75 CMS) MEDIUM (34 INCHES OR 85 CMS) LARGE (38 INCHES OR 95 CMS) EXTRA LARGE (44 INCHES OR 110 CMS),1,1,Belts > Mens
18,ALBT4019,4020,,Casual,Men Casual Belt 4020,Color,BLACK,1,1,Size,SMALL (30 INCHES OR 75 CMS) MEDIUM (34 INCHES OR 85 CMS) LARGE (38 INCHES OR 95 CMS) EXTRA LARGE (44 INCHES OR 110 CMS),1,1,Belts > Mens
19,ALBT4020,4021,,Casual,Men Casual Belt 4021,Color,BROWN,1,1,Size,SMALL (30 INCHES OR 75 CMS) MEDIUM (34 INCHES OR 85 CMS) LARGE (38 INCHES OR 95 CMS) EXTRA LARGE (44 INCHES OR 110 CMS),1,1,Belts > Mens
20,ALBT4021,4022,,Casual,Men Casual Belt 4022,Color,NAVY BLUE,1,1,Size,SMALL (30 INCHES OR 75 CMS) MEDIUM (34 INCHES OR 85 CMS) LARGE (38 INCHES OR 95 CMS) EXTRA LARGE (44 INCHES OR 110 CMS),1,1,Belts > Mens
21,ALBT4022,4023,,Casual,Men Casual Belt 4023,Color,BROWN,1,1,Size,SMALL (30 INCHES OR 75 CMS) MEDIUM (34 INCHES OR 85 CMS) LARGE (38 INCHES OR 95 CMS) EXTRA LARGE (44 INCHES OR 110 CMS),1,1,Belts > Mens
22,ALBT4023,4024,,Casual,Men Casual Belt 4024,Color,BLACK,1,1,Size,SMALL (30 INCHES OR 75 CMS) MEDIUM (34 INCHES OR 85 CMS) LARGE (38 INCHES OR 95 CMS) EXTRA LARGE (44 INCHES OR 110 CMS),1,1,Belts > Mens
23,ALBT4024,4025,,Casual,Men Casual Belt 4025,Color,LIGHT BROWN,1,1,Size,SMALL (30 INCHES OR 75 CMS) MEDIUM (34 INCHES OR 85 CMS) LARGE (38 INCHES OR 95 CMS) EXTRA LARGE (44 INCHES OR 110 CMS),1,1,Belts > Mens
24,ALBT4025,4026,,Casual,Men Casual Belt 4026,Color,BLACK,1,1,Size,SMALL (30 INCHES OR 75 CMS) MEDIUM (34 INCHES OR 85 CMS) LARGE (38 INCHES OR 95 CMS) EXTRA LARGE (44 INCHES OR 110 CMS),1,1,Belts > Mens
25,ALBT4026,4027,,Casual,Men Casual Belt 4027,Color,BROWN,1,1,Size,SMALL (30 INCHES OR 75 CMS) MEDIUM (34 INCHES OR 85 CMS) LARGE (38 INCHES OR 95 CMS) EXTRA LARGE (44 INCHES OR 110 CMS),1,1,Belts > Mens
26,ALBT4027,4028,,Casual,Men Casual Belt 4028,Color,BROWN,1,1,Size,SMALL (30 INCHES OR 75 CMS) MEDIUM (34 INCHES OR 85 CMS) LARGE (38 INCHES OR 95 CMS) EXTRA LARGE (44 INCHES OR 110 CMS),1,1,Belts > Mens
27,ALBT4028,4029,,Casual,Men Casual Belt 4029,Color,BLACK,1,1,Size,SMALL (30 INCHES OR 75 CMS) MEDIUM (34 INCHES OR 85 CMS) LARGE (38 INCHES OR 95 CMS) EXTRA LARGE (44 INCHES OR 110 CMS),1,1,Belts > Mens
28,ALBT4029,4030,,Casual,Men Casual Belt 4030,Color,LIGHT BROWN,1,1,Size,SMALL (30 INCHES OR 75 CMS) MEDIUM (34 INCHES OR 85 CMS) LARGE (38 INCHES OR 95 CMS) EXTRA LARGE (44 INCHES OR 110 CMS),1,1,Belts > Mens
29,ALBT4030,4031,,Casual,Men Casual Belt 4031,Color,LIGHT BROWN,1,1,Size,SMALL (30 INCHES OR 75 CMS) MEDIUM (34 INCHES OR 85 CMS) LARGE (38 INCHES OR 95 CMS) EXTRA LARGE (44 INCHES OR 110 CMS),1,1,Belts > Mens
30,ALBT4031,4032,,Casual,Men Casual Belt 4032,Color,BLACK,1,1,Size,SMALL (30 INCHES OR 75 CMS) MEDIUM (34 INCHES OR 85 CMS) LARGE (38 INCHES OR 95 CMS) EXTRA LARGE (44 INCHES OR 110 CMS),1,1,Belts > Mens
31,ALBT4032,4033,,Casual,Men Casual Belt 4033,Color,LIGHT BROWN,1,1,Size,SMALL (30 INCHES OR 75 CMS) MEDIUM (34 INCHES OR 85 CMS) LARGE (38 INCHES OR 95 CMS) EXTRA LARGE (44 INCHES OR 110 CMS),1,1,Belts > Mens
32,ALBT4033,4034,,Casual,Men Casual Belt 4034,Color,BLACK,1,1,Size,SMALL (30 INCHES OR 75 CMS) MEDIUM (34 INCHES OR 85 CMS) LARGE (38 INCHES OR 95 CMS) EXTRA LARGE (44 INCHES OR 110 CMS),1,1,Belts > Mens
33,ALBT4034,4035,,Casual,Men Casual Belt 4035,Color,LIGHT BROWN,1,1,Size,SMALL (30 INCHES OR 75 CMS) MEDIUM (34 INCHES OR 85 CMS) LARGE (38 INCHES OR 95 CMS) EXTRA LARGE (44 INCHES OR 110 CMS),1,1,Belts > Mens
34,ALBT4035,4036,,Casual,Men Casual Belt 4036,Color,BROWN,1,1,Size,SMALL (30 INCHES OR 75 CMS) MEDIUM (34 INCHES OR 85 CMS) LARGE (38 INCHES OR 95 CMS) EXTRA LARGE (44 INCHES OR 110 CMS),1,1,Belts > Mens
35,ALBT4036,4037,,Profile,Men Casual Belt 4037,Color,DARK BROWN,1,1,Size,SMALL (30 INCHES OR 75 CMS) MEDIUM (34 INCHES OR 85 CMS) LARGE (38 INCHES OR 95 CMS) EXTRA LARGE (44 INCHES OR 110 CMS),1,1,Belts > Mens
36,ALBT4037,4038,,Profile,Men Casual Belt 4038,Color,TAN,1,1,Size,SMALL (30 INCHES OR 75 CMS) MEDIUM (34 INCHES OR 85 CMS) LARGE (38 INCHES OR 95 CMS) EXTRA LARGE (44 INCHES OR 110 CMS),1,1,Belts > Mens
37,ALBT4038,4039,,Profile,Men Casual Belt 4039,Color,BLACK,1,1,Size,SMALL (30 INCHES OR 75 CMS) MEDIUM (34 INCHES OR 85 CMS) LARGE (38 INCHES OR 95 CMS) EXTRA LARGE (44 INCHES OR 110 CMS),1,1,Belts > Mens
38,ALBT4039,4040,,Profile,Men Casual Belt 4040,Color,DARK BROWN,1,1,Size,SMALL (30 INCHES OR 75 CMS) MEDIUM (34 INCHES OR 85 CMS) LARGE (38 INCHES OR 95 CMS) EXTRA LARGE (44 INCHES OR 110 CMS),1,1,Belts > Mens
39,ALBT4040,4041,,Reversible ,Men Casual Belt 4041,Color,BLACK/BROWN,1,1,Size,SMALL (30 INCHES OR 75 CMS) MEDIUM (34 INCHES OR 85 CMS) LARGE (38 INCHES OR 95 CMS) EXTRA LARGE (44 INCHES OR 110 CMS),1,1,Belts > Mens